PDB Database,,,,,,,,,,
NO,PDB ID,Antibody (Y/N),Spike  Protein,,Heavy Chain,,,Light Chain,,
,,,CHAIN ID FOR SPIKE,RESIDUE RANGE FOR SPIKE,CHAIN ID FOR HEAVY CHAIN,RESIDUE RANGE FOR HEAVY CHAIN,SYMBOL,CHAIN ID FOR LIGHT CHAIN,RESIDUE RANGE FOR LIGHT CHAIN,SYMBOL
1,3J42,N,3J42_1,(1-395),,,,,,
2,3C5X,N,3C5X_1,((-3)-394),,,,,,
3,4FFZ,Y,4FFZ_1,(299-395),4FFZ_2,(1-212),H,4FFZ_3,(1-212),L
4,2R6P,Y,2R6P_1,(1-394),2R6P_2,(1-216),D,2R6P_3,(1-206),E
5,3VTT,N,3VTT_1,(576-675),,,,,,
6,4UTA,Y,4UTA_1,(1-395),4UTA_2,(2-222),H,4UTA_3,(0-214),L
7,4UTB,Y,4UTB_1,(1-394),4UTB_2,(2-213),H,4UTB_3,(1-210),L
8,4UT6,N,4UT6_1,(1-395),,,,,,
9,4UT9,N,4UT9_1,(1-395),,,,,,
10,4UTC,N,4UTC_1,(1-395),,,,,,
11,1TG8,N,1TG8_1,(1-615),,,,,,
12,3C6E,N,3C6E_1,((-3)-394),,,,,,
13,1OAN,N,1OAN_1|,(1-394),,,,,,
14,1OKE,N,1OKE_1,(1-394),,,,,,
15,5N09,Y,5N09_1,(1-394),5N09_2,(1-213),H,5N09_3,(1-210),L
16,1UZG,N,1UZG_1,(1-392),,,,,,
17,3WE1,N,3WE1_1,(577-673),,,,,,
18,5B1C,N,5B1C_1,(293-393),,,,,,
19,4X42,N,4X42_1,(577-675),,,,,,
20,4C2I,Y,4C2I_1,(1-495),4C2I_3,(5-232),H,4C2I_4,(25-235),L
21,7DWT,Y,7DWT_1,(1-394),7DWT_2,(1-120),H,7DWT_3,(1-106),L
22,7DWU,Y,7DWU_1,(1-394),7DWU_2,(1-120),H,7DWU_3,(1-106),L
23,3J05,N,3J05_1,(1-394),,,,,,
24,4CAU,N,4CAU_1,(1-394),,,,,,
25,4CBF,N,4CBF_1|,(1-495),,,,,,
26,3J6U,Y,3J6U_1,(1-493),3J6U_2,(10-135),H,3J6U_3,(8-118),L
